Comunidades y Ciudades Autónomas	Sexo	Periodo	Total
Total	Total	2019	47.026.208
Total	Total	2018	46.722.980
Total	Total	2017	46.572.132
Total	Total	2016	46.557.008
Total	Total	2015	46.624.382
Total	Total	2014	46.771.341
Total	Total	2013	47.129.783
Total	Total	2012	47.265.321
Total	Total	2011	47.190.493
Total	Total	2010	47.021.031
Total	Total	2009	46.745.807
Total	Total	2008	46.157.822
Total	Total	2007	45.200.737
Total	Total	2006	44.708.964
Total	Total	2005	44.108.530
Total	Total	2004	43.197.684
Total	Total	2003	42.717.064
Total	Total	2002	41.837.894
Total	Total	2001	41.116.842
Total	Total	2000	40.499.791
Total	Total	1999	40.202.160
Total	Total	1998	39.852.651
Total	Total	1997	""
Total	Total	1996	39.669.394
Total	Hombres	2019	23.042.428
Total	Hombres	2018	22.896.602
Total	Hombres	2017	22.832.861
Total	Hombres	2016	22.843.610
Total	Hombres	2015	22.890.383
Total	Hombres	2014	22.985.676
Total	Hombres	2013	23.196.386
Total	Hombres	2012	23.298.356
Total	Hombres	2011	23.283.187
Total	Hombres	2010	23.226.185
Total	Hombres	2009	23.116.988
Total	Hombres	2008	22.847.737
Total	Hombres	2007	22.339.962
Total	Hombres	2006	22.100.466
Total	Hombres	2005	21.780.869
Total	Hombres	2004	21.285.247
Total	Hombres	2003	21.034.326
Total	Hombres	2002	20.564.089
Total	Hombres	2001	20.165.514
Total	Hombres	2000	19.821.384
Total	Hombres	1999	19.670.642
Total	Hombres	1998	19.488.465
Total	Hombres	1997	""
Total	Hombres	1996	19.399.549
Total	Mujeres	2019	23.983.780
Total	Mujeres	2018	23.826.378
Total	Mujeres	2017	23.739.271
Total	Mujeres	2016	23.713.398
Total	Mujeres	2015	23.733.999
Total	Mujeres	2014	23.785.665
Total	Mujeres	2013	23.933.397
Total	Mujeres	2012	23.966.965
Total	Mujeres	2011	23.907.306
Total	Mujeres	2010	23.794.846
Total	Mujeres	2009	23.628.819
Total	Mujeres	2008	23.310.085
Total	Mujeres	2007	22.860.775
Total	Mujeres	2006	22.608.498
Total	Mujeres	2005	22.327.661
Total	Mujeres	2004	21.912.437
Total	Mujeres	2003	21.682.738
Total	Mujeres	2002	21.273.805
Total	Mujeres	2001	20.951.328
Total	Mujeres	2000	20.678.407
Total	Mujeres	1999	20.531.518
Total	Mujeres	1998	20.364.186
Total	Mujeres	1997	""
Total	Mujeres	1996	20.269.845
01 Andalucía	Total	2019	8.414.240
01 Andalucía	Total	2018	8.384.408
01 Andalucía	Total	2017	8.379.820
01 Andalucía	Total	2016	8.388.107
01 Andalucía	Total	2015	8.399.043
01 Andalucía	Total	2014	8.402.305
01 Andalucía	Total	2013	8.440.300
01 Andalucía	Total	2012	8.449.985
01 Andalucía	Total	2011	8.424.102
01 Andalucía	Total	2010	8.370.975
01 Andalucía	Total	2009	8.302.923
01 Andalucía	Total	2008	8.202.220
01 Andalucía	Total	2007	8.059.461
01 Andalucía	Total	2006	7.975.672
01 Andalucía	Total	2005	7.849.799
01 Andalucía	Total	2004	7.687.518
01 Andalucía	Total	2003	7.606.848
01 Andalucía	Total	2002	7.478.432
01 Andalucía	Total	2001	7.403.968
01 Andalucía	Total	2000	7.340.052
01 Andalucía	Total	1999	7.305.117
01 Andalucía	Total	1998	7.236.459
01 Andalucía	Total	1997	""
01 Andalucía	Total	1996	7.234.873
01 Andalucía	Hombres	2019	4.147.167
01 Andalucía	Hombres	2018	4.133.898
01 Andalucía	Hombres	2017	4.133.835
01 Andalucía	Hombres	2016	4.139.194
01 Andalucía	Hombres	2015	4.144.532
01 Andalucía	Hombres	2014	4.148.701
01 Andalucía	Hombres	2013	4.170.654
01 Andalucía	Hombres	2012	4.180.285
01 Andalucía	Hombres	2011	4.169.634
01 Andalucía	Hombres	2010	4.144.856
01 Andalucía	Hombres	2009	4.113.383
01 Andalucía	Hombres	2008	4.071.500
01 Andalucía	Hombres	2007	3.999.243
01 Andalucía	Hombres	2006	3.958.565
01 Andalucía	Hombres	2005	3.889.605
01 Andalucía	Hombres	2004	3.800.208
01 Andalucía	Hombres	2003	3.757.370
01 Andalucía	Hombres	2002	3.687.421
01 Andalucía	Hombres	2001	3.647.194
01 Andalucía	Hombres	2000	3.609.412
01 Andalucía	Hombres	1999	3.592.680
01 Andalucía	Hombres	1998	3.558.950
01 Andalucía	Hombres	1997	""
01 Andalucía	Hombres	1996	3.559.436
01 Andalucía	Mujeres	2019	4.267.073
01 Andalucía	Mujeres	2018	4.250.510
01 Andalucía	Mujeres	2017	4.245.985
01 Andalucía	Mujeres	2016	4.248.913
01 Andalucía	Mujeres	2015	4.254.511
01 Andalucía	Mujeres	2014	4.253.604
01 Andalucía	Mujeres	2013	4.269.646
01 Andalucía	Mujeres	2012	4.269.700
01 Andalucía	Mujeres	2011	4.254.468
01 Andalucía	Mujeres	2010	4.226.119
01 Andalucía	Mujeres	2009	4.189.540
01 Andalucía	Mujeres	2008	4.130.720
01 Andalucía	Mujeres	2007	4.060.218
01 Andalucía	Mujeres	2006	4.017.107
01 Andalucía	Mujeres	2005	3.960.194
01 Andalucía	Mujeres	2004	3.887.310
01 Andalucía	Mujeres	2003	3.849.478
01 Andalucía	Mujeres	2002	3.791.011
01 Andalucía	Mujeres	2001	3.756.774
01 Andalucía	Mujeres	2000	3.730.640
01 Andalucía	Mujeres	1999	3.712.437
01 Andalucía	Mujeres	1998	3.677.509
01 Andalucía	Mujeres	1997	""
01 Andalucía	Mujeres	1996	3.675.437
02 Aragón	Total	2019	1.319.291
02 Aragón	Total	2018	1.308.728
02 Aragón	Total	2017	1.308.750
02 Aragón	Total	2016	1.308.563
02 Aragón	Total	2015	1.317.847
02 Aragón	Total	2014	1.325.385
02 Aragón	Total	2013	1.347.150
02 Aragón	Total	2012	1.349.467
02 Aragón	Total	2011	1.346.293
02 Aragón	Total	2010	1.347.095
02 Aragón	Total	2009	1.345.473
02 Aragón	Total	2008	1.326.918
02 Aragón	Total	2007	1.296.655
02 Aragón	Total	2006	1.277.471
02 Aragón	Total	2005	1.269.027
02 Aragón	Total	2004	1.249.584
02 Aragón	Total	2003	1.230.090
02 Aragón	Total	2002	1.217.514
02 Aragón	Total	2001	1.199.753
02 Aragón	Total	2000	1.189.909
02 Aragón	Total	1999	1.186.849
02 Aragón	Total	1998	1.183.234
02 Aragón	Total	1997	""
02 Aragón	Total	1996	1.187.546
02 Aragón	Hombres	2019	650.694
02 Aragón	Hombres	2018	645.498
02 Aragón	Hombres	2017	645.895
02 Aragón	Hombres	2016	647.206
02 Aragón	Hombres	2015	652.687
02 Aragón	Hombres	2014	656.964
02 Aragón	Hombres	2013	669.987
02 Aragón	Hombres	2012	671.898
02 Aragón	Hombres	2011	671.286
02 Aragón	Hombres	2010	673.177
02 Aragón	Hombres	2009	673.819
02 Aragón	Hombres	2008	664.403
02 Aragón	Hombres	2007	646.996
02 Aragón	Hombres	2006	636.659
02 Aragón	Hombres	2005	632.148
02 Aragón	Hombres	2004	620.874
02 Aragón	Hombres	2003	610.210
02 Aragón	Hombres	2002	603.149
02 Aragón	Hombres	2001	592.682
02 Aragón	Hombres	2000	586.122
02 Aragón	Hombres	1999	584.361
02 Aragón	Hombres	1998	582.366
02 Aragón	Hombres	1997	""
02 Aragón	Hombres	1996	584.535
02 Aragón	Mujeres	2019	668.597
02 Aragón	Mujeres	2018	663.230
02 Aragón	Mujeres	2017	662.855
02 Aragón	Mujeres	2016	661.357
02 Aragón	Mujeres	2015	665.160
02 Aragón	Mujeres	2014	668.421
02 Aragón	Mujeres	2013	677.163
02 Aragón	Mujeres	2012	677.569
02 Aragón	Mujeres	2011	675.007
02 Aragón	Mujeres	2010	673.918
02 Aragón	Mujeres	2009	671.654
02 Aragón	Mujeres	2008	662.515
02 Aragón	Mujeres	2007	649.659
02 Aragón	Mujeres	2006	640.812
02 Aragón	Mujeres	2005	636.879
02 Aragón	Mujeres	2004	628.710
02 Aragón	Mujeres	2003	619.880
02 Aragón	Mujeres	2002	614.365
02 Aragón	Mujeres	2001	607.071
02 Aragón	Mujeres	2000	603.787
02 Aragón	Mujeres	1999	602.488
02 Aragón	Mujeres	1998	600.868
02 Aragón	Mujeres	1997	""
02 Aragón	Mujeres	1996	603.011
03 Asturias, Principado de	Total	2019	1.022.800
03 Asturias, Principado de	Total	2018	1.028.244
03 Asturias, Principado de	Total	2017	1.034.960
03 Asturias, Principado de	Total	2016	1.042.608
03 Asturias, Principado de	Total	2015	1.051.229
03 Asturias, Principado de	Total	2014	1.061.756
03 Asturias, Principado de	Total	2013	1.068.165
03 Asturias, Principado de	Total	2012	1.077.360
03 Asturias, Principado de	Total	2011	1.081.487
03 Asturias, Principado de	Total	2010	1.084.341
03 Asturias, Principado de	Total	2009	1.085.289
03 Asturias, Principado de	Total	2008	1.080.138
03 Asturias, Principado de	Total	2007	1.074.862
03 Asturias, Principado de	Total	2006	1.076.896
03 Asturias, Principado de	Total	2005	1.076.635
03 Asturias, Principado de	Total	2004	1.073.761
03 Asturias, Principado de	Total	2003	1.075.381
03 Asturias, Principado de	Total	2002	1.073.971
03 Asturias, Principado de	Total	2001	1.075.329
03 Asturias, Principado de	Total	2000	1.076.567
03 Asturias, Principado de	Total	1999	1.084.314
03 Asturias, Principado de	Total	1998	1.081.834
03 Asturias, Principado de	Total	1997	""
03 Asturias, Principado de	Total	1996	1.087.885
03 Asturias, Principado de	Hombres	2019	488.137
03 Asturias, Principado de	Hombres	2018	490.738
03 Asturias, Principado de	Hombres	2017	493.911
03 Asturias, Principado de	Hombres	2016	497.852
03 Asturias, Principado de	Hombres	2015	502.175
03 Asturias, Principado de	Hombres	2014	507.927
03 Asturias, Principado de	Hombres	2013	511.346
03 Asturias, Principado de	Hombres	2012	516.420
03 Asturias, Principado de	Hombres	2011	518.571
03 Asturias, Principado de	Hombres	2010	520.402
03 Asturias, Principado de	Hombres	2009	520.916
03 Asturias, Principado de	Hombres	2008	518.291
03 Asturias, Principado de	Hombres	2007	515.292
03 Asturias, Principado de	Hombres	2006	516.347
03 Asturias, Principado de	Hombres	2005	516.329
03 Asturias, Principado de	Hombres	2004	515.047
03 Asturias, Principado de	Hombres	2003	515.945
03 Asturias, Principado de	Hombres	2002	515.166
03 Asturias, Principado de	Hombres	2001	515.897
03 Asturias, Principado de	Hombres	2000	516.398
03 Asturias, Principado de	Hombres	1999	520.012
03 Asturias, Principado de	Hombres	1998	519.530
03 Asturias, Principado de	Hombres	1997	""
03 Asturias, Principado de	Hombres	1996	522.981
03 Asturias, Principado de	Mujeres	2019	534.663
03 Asturias, Principado de	Mujeres	2018	537.506
03 Asturias, Principado de	Mujeres	2017	541.049
03 Asturias, Principado de	Mujeres	2016	544.756
03 Asturias, Principado de	Mujeres	2015	549.054
03 Asturias, Principado de	Mujeres	2014	553.829
03 Asturias, Principado de	Mujeres	2013	556.819
03 Asturias, Principado de	Mujeres	2012	560.940
03 Asturias, Principado de	Mujeres	2011	562.916
03 Asturias, Principado de	Mujeres	2010	563.939
03 Asturias, Principado de	Mujeres	2009	564.373
03 Asturias, Principado de	Mujeres	2008	561.847
03 Asturias, Principado de	Mujeres	2007	559.570
03 Asturias, Principado de	Mujeres	2006	560.549
03 Asturias, Principado de	Mujeres	2005	560.306
03 Asturias, Principado de	Mujeres	2004	558.714
03 Asturias, Principado de	Mujeres	2003	559.436
03 Asturias, Principado de	Mujeres	2002	558.805
03 Asturias, Principado de	Mujeres	2001	559.432
03 Asturias, Principado de	Mujeres	2000	560.169
03 Asturias, Principado de	Mujeres	1999	564.302
03 Asturias, Principado de	Mujeres	1998	562.304
03 Asturias, Principado de	Mujeres	1997	""
03 Asturias, Principado de	Mujeres	1996	564.904
04 Balears, Illes	Total	2019	1.149.460
04 Balears, Illes	Total	2018	1.128.908
04 Balears, Illes	Total	2017	1.115.999
04 Balears, Illes	Total	2016	1.107.220
04 Balears, Illes	Total	2015	1.104.479
04 Balears, Illes	Total	2014	1.103.442
04 Balears, Illes	Total	2013	1.111.674
04 Balears, Illes	Total	2012	1.119.439
04 Balears, Illes	Total	2011	1.113.114
04 Balears, Illes	Total	2010	1.106.049
04 Balears, Illes	Total	2009	1.095.426
04 Balears, Illes	Total	2008	1.072.844
04 Balears, Illes	Total	2007	1.030.650
04 Balears, Illes	Total	2006	1.001.062
04 Balears, Illes	Total	2005	983.131
04 Balears, Illes	Total	2004	955.045
04 Balears, Illes	Total	2003	947.361
04 Balears, Illes	Total	2002	916.968
04 Balears, Illes	Total	2001	878.627
04 Balears, Illes	Total	2000	845.630
04 Balears, Illes	Total	1999	821.820
04 Balears, Illes	Total	1998	796.483
04 Balears, Illes	Total	1997	""
04 Balears, Illes	Total	1996	760.379
04 Balears, Illes	Hombres	2019	572.757
04 Balears, Illes	Hombres	2018	561.803
04 Balears, Illes	Hombres	2017	554.925
04 Balears, Illes	Hombres	2016	550.682
04 Balears, Illes	Hombres	2015	549.678
04 Balears, Illes	Hombres	2014	549.801
04 Balears, Illes	Hombres	2013	554.603
04 Balears, Illes	Hombres	2012	560.091
04 Balears, Illes	Hombres	2011	557.577
04 Balears, Illes	Hombres	2010	555.204
04 Balears, Illes	Hombres	2009	551.079
04 Balears, Illes	Hombres	2008	540.395
04 Balears, Illes	Hombres	2007	517.593
04 Balears, Illes	Hombres	2006	501.899
04 Balears, Illes	Hombres	2005	492.642
04 Balears, Illes	Hombres	2004	478.046
04 Balears, Illes	Hombres	2003	474.248
04 Balears, Illes	Hombres	2002	458.349
04 Balears, Illes	Hombres	2001	437.340
04 Balears, Illes	Hombres	2000	419.095
04 Balears, Illes	Hombres	1999	406.358
04 Balears, Illes	Hombres	1998	392.835
04 Balears, Illes	Hombres	1997	""
04 Balears, Illes	Hombres	1996	373.891
04 Balears, Illes	Mujeres	2019	576.703
04 Balears, Illes	Mujeres	2018	567.105
04 Balears, Illes	Mujeres	2017	561.074
04 Balears, Illes	Mujeres	2016	556.538
04 Balears, Illes	Mujeres	2015	554.801
04 Balears, Illes	Mujeres	2014	553.641
04 Balears, Illes	Mujeres	2013	557.071
04 Balears, Illes	Mujeres	2012	559.348
04 Balears, Illes	Mujeres	2011	555.537
04 Balears, Illes	Mujeres	2010	550.845
04 Balears, Illes	Mujeres	2009	544.347
04 Balears, Illes	Mujeres	2008	532.449
04 Balears, Illes	Mujeres	2007	513.057
04 Balears, Illes	Mujeres	2006	499.163
04 Balears, Illes	Mujeres	2005	490.489
04 Balears, Illes	Mujeres	2004	476.999
04 Balears, Illes	Mujeres	2003	473.113
04 Balears, Illes	Mujeres	2002	458.619
04 Balears, Illes	Mujeres	2001	441.287
04 Balears, Illes	Mujeres	2000	426.535
04 Balears, Illes	Mujeres	1999	415.462
04 Balears, Illes	Mujeres	1998	403.648
04 Balears, Illes	Mujeres	1997	""
04 Balears, Illes	Mujeres	1996	386.488
05 Canarias	Total	2019	2.153.389
05 Canarias	Total	2018	2.127.685
05 Canarias	Total	2017	2.108.121
05 Canarias	Total	2016	2.101.924
05 Canarias	Total	2015	2.100.306
05 Canarias	Total	2014	2.104.815
05 Canarias	Total	2013	2.118.679
05 Canarias	Total	2012	2.118.344
05 Canarias	Total	2011	2.126.769
05 Canarias	Total	2010	2.118.519
05 Canarias	Total	2009	2.103.992
05 Canarias	Total	2008	2.075.968
05 Canarias	Total	2007	2.025.951
05 Canarias	Total	2006	1.995.833
05 Canarias	Total	2005	1.968.280
05 Canarias	Total	2004	1.915.540
05 Canarias	Total	2003	1.894.868
05 Canarias	Total	2002	1.843.755
05 Canarias	Total	2001	1.781.366
05 Canarias	Total	2000	1.716.276
05 Canarias	Total	1999	1.672.689
05 Canarias	Total	1998	1.630.015
05 Canarias	Total	1997	""
05 Canarias	Total	1996	1.606.534
05 Canarias	Hombres	2019	1.065.971
05 Canarias	Hombres	2018	1.054.032
05 Canarias	Hombres	2017	1.045.113
05 Canarias	Hombres	2016	1.042.838
05 Canarias	Hombres	2015	1.043.203
05 Canarias	Hombres	2014	1.046.373
05 Canarias	Hombres	2013	1.055.302
05 Canarias	Hombres	2012	1.056.240
05 Canarias	Hombres	2011	1.061.591
05 Canarias	Hombres	2010	1.058.706
05 Canarias	Hombres	2009	1.052.636
05 Canarias	Hombres	2008	1.040.137
05 Canarias	Hombres	2007	1.015.493
05 Canarias	Hombres	2006	1.001.394
05 Canarias	Hombres	2005	988.230
05 Canarias	Hombres	2004	960.658
05 Canarias	Hombres	2003	950.159
05 Canarias	Hombres	2002	923.353
05 Canarias	Hombres	2001	890.549
05 Canarias	Hombres	2000	854.899
05 Canarias	Hombres	1999	831.707
05 Canarias	Hombres	1998	808.092
05 Canarias	Hombres	1997	""
05 Canarias	Hombres	1996	797.230
05 Canarias	Mujeres	2019	1.087.418
05 Canarias	Mujeres	2018	1.073.653
05 Canarias	Mujeres	2017	1.063.008
05 Canarias	Mujeres	2016	1.059.086
05 Canarias	Mujeres	2015	1.057.103
05 Canarias	Mujeres	2014	1.058.442
05 Canarias	Mujeres	2013	1.063.377
05 Canarias	Mujeres	2012	1.062.104
05 Canarias	Mujeres	2011	1.065.178
05 Canarias	Mujeres	2010	1.059.813
05 Canarias	Mujeres	2009	1.051.356
05 Canarias	Mujeres	2008	1.035.831
05 Canarias	Mujeres	2007	1.010.458
05 Canarias	Mujeres	2006	994.439
05 Canarias	Mujeres	2005	980.050
05 Canarias	Mujeres	2004	954.882
05 Canarias	Mujeres	2003	944.709
05 Canarias	Mujeres	2002	920.402
05 Canarias	Mujeres	2001	890.817
05 Canarias	Mujeres	2000	861.377
05 Canarias	Mujeres	1999	840.982
05 Canarias	Mujeres	1998	821.923
05 Canarias	Mujeres	1997	""
05 Canarias	Mujeres	1996	809.304
06 Cantabria	Total	2019	581.078
06 Cantabria	Total	2018	580.229
06 Cantabria	Total	2017	580.295
06 Cantabria	Total	2016	582.206
06 Cantabria	Total	2015	585.179
06 Cantabria	Total	2014	588.656
06 Cantabria	Total	2013	591.888
06 Cantabria	Total	2012	593.861
06 Cantabria	Total	2011	593.121
06 Cantabria	Total	2010	592.250
06 Cantabria	Total	2009	589.235
06 Cantabria	Total	2008	582.138
06 Cantabria	Total	2007	572.824
06 Cantabria	Total	2006	568.091
06 Cantabria	Total	2005	562.309
06 Cantabria	Total	2004	554.784
06 Cantabria	Total	2003	549.690
06 Cantabria	Total	2002	542.275
06 Cantabria	Total	2001	537.606
06 Cantabria	Total	2000	531.159
06 Cantabria	Total	1999	528.478
06 Cantabria	Total	1998	527.137
06 Cantabria	Total	1997	""
06 Cantabria	Total	1996	527.437
06 Cantabria	Hombres	2019	281.801
06 Cantabria	Hombres	2018	281.564
06 Cantabria	Hombres	2017	281.808
06 Cantabria	Hombres	2016	282.988
06 Cantabria	Hombres	2015	284.788
06 Cantabria	Hombres	2014	286.782
06 Cantabria	Hombres	2013	288.643
06 Cantabria	Hombres	2012	289.999
06 Cantabria	Hombres	2011	289.872
06 Cantabria	Hombres	2010	289.931
06 Cantabria	Hombres	2009	288.735
06 Cantabria	Hombres	2008	285.469
06 Cantabria	Hombres	2007	280.283
06 Cantabria	Hombres	2006	277.869
06 Cantabria	Hombres	2005	274.797
06 Cantabria	Hombres	2004	270.907
06 Cantabria	Hombres	2003	268.309
06 Cantabria	Hombres	2002	264.492
06 Cantabria	Hombres	2001	261.967
06 Cantabria	Hombres	2000	258.682
06 Cantabria	Hombres	1999	257.495
06 Cantabria	Hombres	1998	256.766
06 Cantabria	Hombres	1997	""
06 Cantabria	Hombres	1996	256.946
06 Cantabria	Mujeres	2019	299.277
06 Cantabria	Mujeres	2018	298.665
06 Cantabria	Mujeres	2017	298.487
06 Cantabria	Mujeres	2016	299.218
06 Cantabria	Mujeres	2015	300.391
06 Cantabria	Mujeres	2014	301.874
06 Cantabria	Mujeres	2013	303.245
06 Cantabria	Mujeres	2012	303.862
06 Cantabria	Mujeres	2011	303.249
06 Cantabria	Mujeres	2010	302.319
06 Cantabria	Mujeres	2009	300.500
06 Cantabria	Mujeres	2008	296.669
06 Cantabria	Mujeres	2007	292.541
06 Cantabria	Mujeres	2006	290.222
06 Cantabria	Mujeres	2005	287.512
06 Cantabria	Mujeres	2004	283.877
06 Cantabria	Mujeres	2003	281.381
06 Cantabria	Mujeres	2002	277.783
06 Cantabria	Mujeres	2001	275.639
06 Cantabria	Mujeres	2000	272.477
06 Cantabria	Mujeres	1999	270.983
06 Cantabria	Mujeres	1998	270.371
06 Cantabria	Mujeres	1997	""
06 Cantabria	Mujeres	1996	270.491
07 Castilla y León	Total	2019	2.399.548
07 Castilla y León	Total	2018	2.409.164
07 Castilla y León	Total	2017	2.425.801
07 Castilla y León	Total	2016	2.447.519
07 Castilla y León	Total	2015	2.472.052
07 Castilla y León	Total	2014	2.494.790
07 Castilla y León	Total	2013	2.519.875
07 Castilla y León	Total	2012	2.546.078
07 Castilla y León	Total	2011	2.558.463
07 Castilla y León	Total	2010	2.559.515
07 Castilla y León	Total	2009	2.563.521
07 Castilla y León	Total	2008	2.557.330
07 Castilla y León	Total	2007	2.528.417
07 Castilla y León	Total	2006	2.523.020
07 Castilla y León	Total	2005	2.510.849
07 Castilla y León	Total	2004	2.493.918
07 Castilla y León	Total	2003	2.487.646
07 Castilla y León	Total	2002	2.480.369
07 Castilla y León	Total	2001	2.479.425
07 Castilla y León	Total	2000	2.479.118
07 Castilla y León	Total	1999	2.488.062
07 Castilla y León	Total	1998	2.484.603
07 Castilla y León	Total	1997	""
07 Castilla y León	Total	1996	2.508.496
07 Castilla y León	Hombres	2019	1.181.401
07 Castilla y León	Hombres	2018	1.186.363
07 Castilla y León	Hombres	2017	1.195.251
07 Castilla y León	Hombres	2016	1.206.775
07 Castilla y León	Hombres	2015	1.219.616
07 Castilla y León	Hombres	2014	1.232.250
07 Castilla y León	Hombres	2013	1.246.377
07 Castilla y León	Hombres	2012	1.261.141
07 Castilla y León	Hombres	2011	1.267.671
07 Castilla y León	Hombres	2010	1.268.860
07 Castilla y León	Hombres	2009	1.272.020
07 Castilla y León	Hombres	2008	1.269.338
07 Castilla y León	Hombres	2007	1.251.082
07 Castilla y León	Hombres	2006	1.247.158
07 Castilla y León	Hombres	2005	1.240.450
07 Castilla y León	Hombres	2004	1.231.258
07 Castilla y León	Hombres	2003	1.228.177
07 Castilla y León	Hombres	2002	1.223.935
07 Castilla y León	Hombres	2001	1.222.612
07 Castilla y León	Hombres	2000	1.221.973
07 Castilla y León	Hombres	1999	1.227.156
07 Castilla y León	Hombres	1998	1.225.516
07 Castilla y León	Hombres	1997	""
07 Castilla y León	Hombres	1996	1.238.129
07 Castilla y León	Mujeres	2019	1.218.147
07 Castilla y León	Mujeres	2018	1.222.801
07 Castilla y León	Mujeres	2017	1.230.550
07 Castilla y León	Mujeres	2016	1.240.744
07 Castilla y León	Mujeres	2015	1.252.436
07 Castilla y León	Mujeres	2014	1.262.540
07 Castilla y León	Mujeres	2013	1.273.498
07 Castilla y León	Mujeres	2012	1.284.937
07 Castilla y León	Mujeres	2011	1.290.792
07 Castilla y León	Mujeres	2010	1.290.655
07 Castilla y León	Mujeres	2009	1.291.501
07 Castilla y León	Mujeres	2008	1.287.992
07 Castilla y León	Mujeres	2007	1.277.335
07 Castilla y León	Mujeres	2006	1.275.862
07 Castilla y León	Mujeres	2005	1.270.399
07 Castilla y León	Mujeres	2004	1.262.660
07 Castilla y León	Mujeres	2003	1.259.469
07 Castilla y León	Mujeres	2002	1.256.434
07 Castilla y León	Mujeres	2001	1.256.813
07 Castilla y León	Mujeres	2000	1.257.145
07 Castilla y León	Mujeres	1999	1.260.906
07 Castilla y León	Mujeres	1998	1.259.087
07 Castilla y León	Mujeres	1997	""
07 Castilla y León	Mujeres	1996	1.270.367
08 Castilla - La Mancha	Total	2019	2.032.863
08 Castilla - La Mancha	Total	2018	2.026.807
08 Castilla - La Mancha	Total	2017	2.031.479
08 Castilla - La Mancha	Total	2016	2.041.631
08 Castilla - La Mancha	Total	2015	2.059.191
08 Castilla - La Mancha	Total	2014	2.078.611
08 Castilla - La Mancha	Total	2013	2.100.998
08 Castilla - La Mancha	Total	2012	2.121.888
08 Castilla - La Mancha	Total	2011	2.115.334
08 Castilla - La Mancha	Total	2010	2.098.373
08 Castilla - La Mancha	Total	2009	2.081.313
08 Castilla - La Mancha	Total	2008	2.043.100
08 Castilla - La Mancha	Total	2007	1.977.304
08 Castilla - La Mancha	Total	2006	1.932.261
08 Castilla - La Mancha	Total	2005	1.894.667
08 Castilla - La Mancha	Total	2004	1.848.881
08 Castilla - La Mancha	Total	2003	1.815.781
08 Castilla - La Mancha	Total	2002	1.782.038
08 Castilla - La Mancha	Total	2001	1.755.053
08 Castilla - La Mancha	Total	2000	1.734.261
08 Castilla - La Mancha	Total	1999	1.726.199
08 Castilla - La Mancha	Total	1998	1.716.152
08 Castilla - La Mancha	Total	1997	""
08 Castilla - La Mancha	Total	1996	1.712.529
08 Castilla - La Mancha	Hombres	2019	1.016.954
08 Castilla - La Mancha	Hombres	2018	1.014.199
08 Castilla - La Mancha	Hombres	2017	1.016.761
08 Castilla - La Mancha	Hombres	2016	1.022.722
08 Castilla - La Mancha	Hombres	2015	1.032.673
08 Castilla - La Mancha	Hombres	2014	1.043.880
08 Castilla - La Mancha	Hombres	2013	1.056.960
08 Castilla - La Mancha	Hombres	2012	1.069.648
08 Castilla - La Mancha	Hombres	2011	1.066.598
08 Castilla - La Mancha	Hombres	2010	1.059.149
08 Castilla - La Mancha	Hombres	2009	1.051.668
08 Castilla - La Mancha	Hombres	2008	1.033.131
08 Castilla - La Mancha	Hombres	2007	995.668
08 Castilla - La Mancha	Hombres	2006	970.867
08 Castilla - La Mancha	Hombres	2005	950.976
08 Castilla - La Mancha	Hombres	2004	925.694
08 Castilla - La Mancha	Hombres	2003	907.656
08 Castilla - La Mancha	Hombres	2002	888.987
08 Castilla - La Mancha	Hombres	2001	873.287
08 Castilla - La Mancha	Hombres	2000	860.657
08 Castilla - La Mancha	Hombres	1999	856.604
08 Castilla - La Mancha	Hombres	1998	851.354
08 Castilla - La Mancha	Hombres	1997	""
08 Castilla - La Mancha	Hombres	1996	849.076
08 Castilla - La Mancha	Mujeres	2019	1.015.909
08 Castilla - La Mancha	Mujeres	2018	1.012.608
08 Castilla - La Mancha	Mujeres	2017	1.014.718
08 Castilla - La Mancha	Mujeres	2016	1.018.909
08 Castilla - La Mancha	Mujeres	2015	1.026.518
08 Castilla - La Mancha	Mujeres	2014	1.034.731
08 Castilla - La Mancha	Mujeres	2013	1.044.038
08 Castilla - La Mancha	Mujeres	2012	1.052.240
08 Castilla - La Mancha	Mujeres	2011	1.048.736
08 Castilla - La Mancha	Mujeres	2010	1.039.224
08 Castilla - La Mancha	Mujeres	2009	1.029.645
08 Castilla - La Mancha	Mujeres	2008	1.009.969
08 Castilla - La Mancha	Mujeres	2007	981.636
08 Castilla - La Mancha	Mujeres	2006	961.394
08 Castilla - La Mancha	Mujeres	2005	943.691
08 Castilla - La Mancha	Mujeres	2004	923.187
08 Castilla - La Mancha	Mujeres	2003	908.125
08 Castilla - La Mancha	Mujeres	2002	893.051
08 Castilla - La Mancha	Mujeres	2001	881.766
08 Castilla - La Mancha	Mujeres	2000	873.604
08 Castilla - La Mancha	Mujeres	1999	869.595
08 Castilla - La Mancha	Mujeres	1998	864.798
08 Castilla - La Mancha	Mujeres	1997	""
08 Castilla - La Mancha	Mujeres	1996	863.453
09 Cataluña	Total	2019	7.675.217
09 Cataluña	Total	2018	7.600.065
09 Cataluña	Total	2017	7.555.830
09 Cataluña	Total	2016	7.522.596
09 Cataluña	Total	2015	7.508.106
09 Cataluña	Total	2014	7.518.903
09 Cataluña	Total	2013	7.553.650
09 Cataluña	Total	2012	7.570.908
09 Cataluña	Total	2011	7.539.618
09 Cataluña	Total	2010	7.512.381
09 Cataluña	Total	2009	7.475.420
09 Cataluña	Total	2008	7.364.078
09 Cataluña	Total	2007	7.210.508
09 Cataluña	Total	2006	7.134.697
09 Cataluña	Total	2005	6.995.206
09 Cataluña	Total	2004	6.813.319
09 Cataluña	Total	2003	6.704.146
09 Cataluña	Total	2002	6.506.440
09 Cataluña	Total	2001	6.361.365
09 Cataluña	Total	2000	6.261.999
09 Cataluña	Total	1999	6.207.533
09 Cataluña	Total	1998	6.147.610
09 Cataluña	Total	1997	""
09 Cataluña	Total	1996	6.090.040
09 Cataluña	Hombres	2019	3.770.123
09 Cataluña	Hombres	2018	3.730.326
09 Cataluña	Hombres	2017	3.710.200
09 Cataluña	Hombres	2016	3.697.368
09 Cataluña	Hombres	2015	3.691.745
09 Cataluña	Hombres	2014	3.701.740
09 Cataluña	Hombres	2013	3.725.318
09 Cataluña	Hombres	2012	3.741.628
09 Cataluña	Hombres	2011	3.732.196
09 Cataluña	Hombres	2010	3.724.515
09 Cataluña	Hombres	2009	3.713.765
09 Cataluña	Hombres	2008	3.661.028
09 Cataluña	Hombres	2007	3.578.176
09 Cataluña	Hombres	2006	3.543.706
09 Cataluña	Hombres	2005	3.468.235
09 Cataluña	Hombres	2004	3.366.329
09 Cataluña	Hombres	2003	3.309.850
09 Cataluña	Hombres	2002	3.201.029
09 Cataluña	Hombres	2001	3.115.336
09 Cataluña	Hombres	2000	3.058.628
09 Cataluña	Hombres	1999	3.030.196
09 Cataluña	Hombres	1998	2.997.637
09 Cataluña	Hombres	1997	""
09 Cataluña	Hombres	1996	2.971.789
09 Cataluña	Mujeres	2019	3.905.094
09 Cataluña	Mujeres	2018	3.869.739
09 Cataluña	Mujeres	2017	3.845.630
09 Cataluña	Mujeres	2016	3.825.228
09 Cataluña	Mujeres	2015	3.816.361
09 Cataluña	Mujeres	2014	3.817.163
09 Cataluña	Mujeres	2013	3.828.332
09 Cataluña	Mujeres	2012	3.829.280
09 Cataluña	Mujeres	2011	3.807.422
09 Cataluña	Mujeres	2010	3.787.866
09 Cataluña	Mujeres	2009	3.761.655
09 Cataluña	Mujeres	2008	3.703.050
09 Cataluña	Mujeres	2007	3.632.332
09 Cataluña	Mujeres	2006	3.590.991
09 Cataluña	Mujeres	2005	3.526.971
09 Cataluña	Mujeres	2004	3.446.990
09 Cataluña	Mujeres	2003	3.394.296
09 Cataluña	Mujeres	2002	3.305.411
09 Cataluña	Mujeres	2001	3.246.029
09 Cataluña	Mujeres	2000	3.203.371
09 Cataluña	Mujeres	1999	3.177.337
09 Cataluña	Mujeres	1998	3.149.973
09 Cataluña	Mujeres	1997	""
09 Cataluña	Mujeres	1996	3.118.251
10 Comunitat Valenciana	Total	2019	5.003.769
10 Comunitat Valenciana	Total	2018	4.963.703
10 Comunitat Valenciana	Total	2017	4.941.509
10 Comunitat Valenciana	Total	2016	4.959.968
10 Comunitat Valenciana	Total	2015	4.980.689
10 Comunitat Valenciana	Total	2014	5.004.844
10 Comunitat Valenciana	Total	2013	5.113.815
10 Comunitat Valenciana	Total	2012	5.129.266
10 Comunitat Valenciana	Total	2011	5.117.190
10 Comunitat Valenciana	Total	2010	5.111.706
10 Comunitat Valenciana	Total	2009	5.094.675
10 Comunitat Valenciana	Total	2008	5.029.601
10 Comunitat Valenciana	Total	2007	4.885.029
10 Comunitat Valenciana	Total	2006	4.806.908
10 Comunitat Valenciana	Total	2005	4.692.449
10 Comunitat Valenciana	Total	2004	4.543.304
10 Comunitat Valenciana	Total	2003	4.470.885
10 Comunitat Valenciana	Total	2002	4.326.708
10 Comunitat Valenciana	Total	2001	4.202.608
10 Comunitat Valenciana	Total	2000	4.120.729
10 Comunitat Valenciana	Total	1999	4.066.474
10 Comunitat Valenciana	Total	1998	4.023.441
10 Comunitat Valenciana	Total	1997	""
10 Comunitat Valenciana	Total	1996	4.009.329
10 Comunitat Valenciana	Hombres	2019	2.465.342
10 Comunitat Valenciana	Hombres	2018	2.446.383
10 Comunitat Valenciana	Hombres	2017	2.436.203
10 Comunitat Valenciana	Hombres	2016	2.448.748
10 Comunitat Valenciana	Hombres	2015	2.460.805
10 Comunitat Valenciana	Hombres	2014	2.475.081
10 Comunitat Valenciana	Hombres	2013	2.534.539
10 Comunitat Valenciana	Hombres	2012	2.546.404
10 Comunitat Valenciana	Hombres	2011	2.541.780
10 Comunitat Valenciana	Hombres	2010	2.542.949
10 Comunitat Valenciana	Hombres	2009	2.537.898
10 Comunitat Valenciana	Hombres	2008	2.508.433
10 Comunitat Valenciana	Hombres	2007	2.432.162
10 Comunitat Valenciana	Hombres	2006	2.394.307
10 Comunitat Valenciana	Hombres	2005	2.332.283
10 Comunitat Valenciana	Hombres	2004	2.251.812
10 Comunitat Valenciana	Hombres	2003	2.213.010
10 Comunitat Valenciana	Hombres	2002	2.136.323
10 Comunitat Valenciana	Hombres	2001	2.066.487
10 Comunitat Valenciana	Hombres	2000	2.020.667
10 Comunitat Valenciana	Hombres	1999	1.993.258
10 Comunitat Valenciana	Hombres	1998	1.970.767
10 Comunitat Valenciana	Hombres	1997	""
10 Comunitat Valenciana	Hombres	1996	1.962.181
10 Comunitat Valenciana	Mujeres	2019	2.538.427
10 Comunitat Valenciana	Mujeres	2018	2.517.320
10 Comunitat Valenciana	Mujeres	2017	2.505.306
10 Comunitat Valenciana	Mujeres	2016	2.511.220
10 Comunitat Valenciana	Mujeres	2015	2.519.884
10 Comunitat Valenciana	Mujeres	2014	2.529.763
10 Comunitat Valenciana	Mujeres	2013	2.579.276
10 Comunitat Valenciana	Mujeres	2012	2.582.862
10 Comunitat Valenciana	Mujeres	2011	2.575.410
10 Comunitat Valenciana	Mujeres	2010	2.568.757
10 Comunitat Valenciana	Mujeres	2009	2.556.777
10 Comunitat Valenciana	Mujeres	2008	2.521.168
10 Comunitat Valenciana	Mujeres	2007	2.452.867
10 Comunitat Valenciana	Mujeres	2006	2.412.601
10 Comunitat Valenciana	Mujeres	2005	2.360.166
10 Comunitat Valenciana	Mujeres	2004	2.291.492
10 Comunitat Valenciana	Mujeres	2003	2.257.875
10 Comunitat Valenciana	Mujeres	2002	2.190.385
10 Comunitat Valenciana	Mujeres	2001	2.136.121
10 Comunitat Valenciana	Mujeres	2000	2.100.062
10 Comunitat Valenciana	Mujeres	1999	2.073.216
10 Comunitat Valenciana	Mujeres	1998	2.052.674
10 Comunitat Valenciana	Mujeres	1997	""
10 Comunitat Valenciana	Mujeres	1996	2.047.148
11 Extremadura	Total	2019	1.067.710
11 Extremadura	Total	2018	1.072.863
11 Extremadura	Total	2017	1.079.920
11 Extremadura	Total	2016	1.087.778
11 Extremadura	Total	2015	1.092.997
11 Extremadura	Total	2014	1.099.632
11 Extremadura	Total	2013	1.104.004
11 Extremadura	Total	2012	1.108.130
11 Extremadura	Total	2011	1.109.367
11 Extremadura	Total	2010	1.107.220
11 Extremadura	Total	2009	1.102.410
11 Extremadura	Total	2008	1.097.744
11 Extremadura	Total	2007	1.089.990
11 Extremadura	Total	2006	1.086.373
11 Extremadura	Total	2005	1.083.879
11 Extremadura	Total	2004	1.075.286
11 Extremadura	Total	2003	1.073.904
11 Extremadura	Total	2002	1.073.050
11 Extremadura	Total	2001	1.073.381
11 Extremadura	Total	2000	1.069.420
11 Extremadura	Total	1999	1.073.574
11 Extremadura	Total	1998	1.069.419
11 Extremadura	Total	1997	""
11 Extremadura	Total	1996	1.070.244
11 Extremadura	Hombres	2019	528.500
11 Extremadura	Hombres	2018	531.255
11 Extremadura	Hombres	2017	535.060
11 Extremadura	Hombres	2016	539.239
11 Extremadura	Hombres	2015	542.078
11 Extremadura	Hombres	2014	545.616
11 Extremadura	Hombres	2013	548.054
11 Extremadura	Hombres	2012	550.324
11 Extremadura	Hombres	2011	550.864
11 Extremadura	Hombres	2010	549.721
11 Extremadura	Hombres	2009	547.550
11 Extremadura	Hombres	2008	546.192
11 Extremadura	Hombres	2007	541.692
11 Extremadura	Hombres	2006	540.352
11 Extremadura	Hombres	2005	539.225
11 Extremadura	Hombres	2004	534.704
11 Extremadura	Hombres	2003	533.891
11 Extremadura	Hombres	2002	533.539
11 Extremadura	Hombres	2001	533.622
11 Extremadura	Hombres	2000	531.144
11 Extremadura	Hombres	1999	533.506
11 Extremadura	Hombres	1998	530.994
11 Extremadura	Hombres	1997	""
11 Extremadura	Hombres	1996	530.500
11 Extremadura	Mujeres	2019	539.210
11 Extremadura	Mujeres	2018	541.608
11 Extremadura	Mujeres	2017	544.860
11 Extremadura	Mujeres	2016	548.539
11 Extremadura	Mujeres	2015	550.919
11 Extremadura	Mujeres	2014	554.016
11 Extremadura	Mujeres	2013	555.950
11 Extremadura	Mujeres	2012	557.806
11 Extremadura	Mujeres	2011	558.503
11 Extremadura	Mujeres	2010	557.499
11 Extremadura	Mujeres	2009	554.860
11 Extremadura	Mujeres	2008	551.552
11 Extremadura	Mujeres	2007	548.298
11 Extremadura	Mujeres	2006	546.021
11 Extremadura	Mujeres	2005	544.654
11 Extremadura	Mujeres	2004	540.582
11 Extremadura	Mujeres	2003	540.013
11 Extremadura	Mujeres	2002	539.511
11 Extremadura	Mujeres	2001	539.759
11 Extremadura	Mujeres	2000	538.276
11 Extremadura	Mujeres	1999	540.068
11 Extremadura	Mujeres	1998	538.425
11 Extremadura	Mujeres	1997	""
11 Extremadura	Mujeres	1996	539.744
12 Galicia	Total	2019	2.699.499
12 Galicia	Total	2018	2.701.743
12 Galicia	Total	2017	2.708.339
12 Galicia	Total	2016	2.718.525
12 Galicia	Total	2015	2.732.347
12 Galicia	Total	2014	2.748.695
12 Galicia	Total	2013	2.765.940
12 Galicia	Total	2012	2.781.498
12 Galicia	Total	2011	2.795.422
12 Galicia	Total	2010	2.797.653
12 Galicia	Total	2009	2.796.089
12 Galicia	Total	2008	2.784.169
12 Galicia	Total	2007	2.772.533
12 Galicia	Total	2006	2.767.524
12 Galicia	Total	2005	2.762.198
12 Galicia	Total	2004	2.750.985
12 Galicia	Total	2003	2.751.094
12 Galicia	Total	2002	2.737.370
12 Galicia	Total	2001	2.732.926
12 Galicia	Total	2000	2.731.900
12 Galicia	Total	1999	2.730.337
12 Galicia	Total	1998	2.724.544
12 Galicia	Total	1997	""
12 Galicia	Total	1996	2.742.622
12 Galicia	Hombres	2019	1.298.964
12 Galicia	Hombres	2018	1.300.609
12 Galicia	Hombres	2017	1.304.392
12 Galicia	Hombres	2016	1.309.809
12 Galicia	Hombres	2015	1.317.054
12 Galicia	Hombres	2014	1.325.657
12 Galicia	Hombres	2013	1.335.122
12 Galicia	Hombres	2012	1.343.328
12 Galicia	Hombres	2011	1.349.591
12 Galicia	Hombres	2010	1.350.547
12 Galicia	Hombres	2009	1.349.603
12 Galicia	Hombres	2008	1.344.268
12 Galicia	Hombres	2007	1.337.159
12 Galicia	Hombres	2006	1.333.797
12 Galicia	Hombres	2005	1.330.703
12 Galicia	Hombres	2004	1.324.987
12 Galicia	Hombres	2003	1.324.385
12 Galicia	Hombres	2002	1.316.721
12 Galicia	Hombres	2001	1.314.078
12 Galicia	Hombres	2000	1.312.391
12 Galicia	Hombres	1999	1.312.881
12 Galicia	Hombres	1998	1.310.415
12 Galicia	Hombres	1997	""
12 Galicia	Hombres	1996	1.320.347
12 Galicia	Mujeres	2019	1.400.535
12 Galicia	Mujeres	2018	1.401.134
12 Galicia	Mujeres	2017	1.403.947
12 Galicia	Mujeres	2016	1.408.716
12 Galicia	Mujeres	2015	1.415.293
12 Galicia	Mujeres	2014	1.423.038
12 Galicia	Mujeres	2013	1.430.818
12 Galicia	Mujeres	2012	1.438.170
12 Galicia	Mujeres	2011	1.445.831
12 Galicia	Mujeres	2010	1.447.106
12 Galicia	Mujeres	2009	1.446.486
12 Galicia	Mujeres	2008	1.439.901
12 Galicia	Mujeres	2007	1.435.374
12 Galicia	Mujeres	2006	1.433.727
12 Galicia	Mujeres	2005	1.431.495
12 Galicia	Mujeres	2004	1.425.998
12 Galicia	Mujeres	2003	1.426.709
12 Galicia	Mujeres	2002	1.420.649
12 Galicia	Mujeres	2001	1.418.848
12 Galicia	Mujeres	2000	1.419.509
12 Galicia	Mujeres	1999	1.417.456
12 Galicia	Mujeres	1998	1.414.129
12 Galicia	Mujeres	1997	""
12 Galicia	Mujeres	1996	1.422.275
13 Madrid, Comunidad de	Total	2019	6.663.394
13 Madrid, Comunidad de	Total	2018	6.578.079
13 Madrid, Comunidad de	Total	2017	6.507.184
13 Madrid, Comunidad de	Total	2016	6.466.996
13 Madrid, Comunidad de	Total	2015	6.436.996
13 Madrid, Comunidad de	Total	2014	6.454.440
13 Madrid, Comunidad de	Total	2013	6.495.551
13 Madrid, Comunidad de	Total	2012	6.498.560
13 Madrid, Comunidad de	Total	2011	6.489.680
13 Madrid, Comunidad de	Total	2010	6.458.684
13 Madrid, Comunidad de	Total	2009	6.386.932
13 Madrid, Comunidad de	Total	2008	6.271.638
13 Madrid, Comunidad de	Total	2007	6.081.689
13 Madrid, Comunidad de	Total	2006	6.008.183
13 Madrid, Comunidad de	Total	2005	5.964.143
13 Madrid, Comunidad de	Total	2004	5.804.829
13 Madrid, Comunidad de	Total	2003	5.718.942
13 Madrid, Comunidad de	Total	2002	5.527.152
13 Madrid, Comunidad de	Total	2001	5.372.433
13 Madrid, Comunidad de	Total	2000	5.205.408
13 Madrid, Comunidad de	Total	1999	5.145.325
13 Madrid, Comunidad de	Total	1998	5.091.336
13 Madrid, Comunidad de	Total	1997	""
13 Madrid, Comunidad de	Total	1996	5.022.289
13 Madrid, Comunidad de	Hombres	2019	3.187.312
13 Madrid, Comunidad de	Hombres	2018	3.147.872
13 Madrid, Comunidad de	Hombres	2017	3.115.522
13 Madrid, Comunidad de	Hombres	2016	3.098.631
13 Madrid, Comunidad de	Hombres	2015	3.087.022
13 Madrid, Comunidad de	Hombres	2014	3.099.641
13 Madrid, Comunidad de	Hombres	2013	3.123.724
13 Madrid, Comunidad de	Hombres	2012	3.130.241
13 Madrid, Comunidad de	Hombres	2011	3.132.844
13 Madrid, Comunidad de	Hombres	2010	3.124.438
13 Madrid, Comunidad de	Hombres	2009	3.094.874
13 Madrid, Comunidad de	Hombres	2008	3.040.658
13 Madrid, Comunidad de	Hombres	2007	2.943.778
13 Madrid, Comunidad de	Hombres	2006	2.908.654
13 Madrid, Comunidad de	Hombres	2005	2.887.718
13 Madrid, Comunidad de	Hombres	2004	2.804.962
13 Madrid, Comunidad de	Hombres	2003	2.760.877
13 Madrid, Comunidad de	Hombres	2002	2.663.407
13 Madrid, Comunidad de	Hombres	2001	2.584.779
13 Madrid, Comunidad de	Hombres	2000	2.501.285
13 Madrid, Comunidad de	Hombres	1999	2.472.098
13 Madrid, Comunidad de	Hombres	1998	2.444.919
13 Madrid, Comunidad de	Hombres	1997	""
13 Madrid, Comunidad de	Hombres	1996	2.411.548
13 Madrid, Comunidad de	Mujeres	2019	3.476.082
13 Madrid, Comunidad de	Mujeres	2018	3.430.207
13 Madrid, Comunidad de	Mujeres	2017	3.391.662
13 Madrid, Comunidad de	Mujeres	2016	3.368.365
13 Madrid, Comunidad de	Mujeres	2015	3.349.974
13 Madrid, Comunidad de	Mujeres	2014	3.354.799
13 Madrid, Comunidad de	Mujeres	2013	3.371.827
13 Madrid, Comunidad de	Mujeres	2012	3.368.319
13 Madrid, Comunidad de	Mujeres	2011	3.356.836
13 Madrid, Comunidad de	Mujeres	2010	3.334.246
13 Madrid, Comunidad de	Mujeres	2009	3.292.058
13 Madrid, Comunidad de	Mujeres	2008	3.230.980
13 Madrid, Comunidad de	Mujeres	2007	3.137.911
13 Madrid, Comunidad de	Mujeres	2006	3.099.529
13 Madrid, Comunidad de	Mujeres	2005	3.076.425
13 Madrid, Comunidad de	Mujeres	2004	2.999.867
13 Madrid, Comunidad de	Mujeres	2003	2.958.065
13 Madrid, Comunidad de	Mujeres	2002	2.863.745
13 Madrid, Comunidad de	Mujeres	2001	2.787.654
13 Madrid, Comunidad de	Mujeres	2000	2.704.123
13 Madrid, Comunidad de	Mujeres	1999	2.673.227
13 Madrid, Comunidad de	Mujeres	1998	2.646.417
13 Madrid, Comunidad de	Mujeres	1997	""
13 Madrid, Comunidad de	Mujeres	1996	2.610.741
14 Murcia, Región de	Total	2019	1.493.898
14 Murcia, Región de	Total	2018	1.478.509
14 Murcia, Región de	Total	2017	1.470.273
14 Murcia, Región de	Total	2016	1.464.847
14 Murcia, Región de	Total	2015	1.467.288
14 Murcia, Región de	Total	2014	1.466.818
14 Murcia, Región de	Total	2013	1.472.049
14 Murcia, Región de	Total	2012	1.474.449
14 Murcia, Región de	Total	2011	1.470.069
14 Murcia, Región de	Total	2010	1.461.979
14 Murcia, Región de	Total	2009	1.446.520
14 Murcia, Región de	Total	2008	1.426.109
14 Murcia, Región de	Total	2007	1.392.117
14 Murcia, Región de	Total	2006	1.370.306
14 Murcia, Región de	Total	2005	1.335.792
14 Murcia, Región de	Total	2004	1.294.694
14 Murcia, Región de	Total	2003	1.269.230
14 Murcia, Región de	Total	2002	1.226.993
14 Murcia, Región de	Total	2001	1.190.378
14 Murcia, Región de	Total	2000	1.149.328
14 Murcia, Región de	Total	1999	1.131.128
14 Murcia, Región de	Total	1998	1.115.068
14 Murcia, Región de	Total	1997	""
14 Murcia, Región de	Total	1996	1.097.249
14 Murcia, Región de	Hombres	2019	747.615
14 Murcia, Región de	Hombres	2018	740.143
14 Murcia, Región de	Hombres	2017	736.238
14 Murcia, Región de	Hombres	2016	733.555
14 Murcia, Región de	Hombres	2015	735.434
14 Murcia, Región de	Hombres	2014	735.889
14 Murcia, Región de	Hombres	2013	739.842
14 Murcia, Región de	Hombres	2012	742.727
14 Murcia, Región de	Hombres	2011	741.581
14 Murcia, Región de	Hombres	2010	738.627
14 Murcia, Región de	Hombres	2009	731.609
14 Murcia, Región de	Hombres	2008	722.999
14 Murcia, Región de	Hombres	2007	706.326
14 Murcia, Región de	Hombres	2006	697.027
14 Murcia, Región de	Hombres	2005	677.049
14 Murcia, Región de	Hombres	2004	652.057
14 Murcia, Región de	Hombres	2003	639.795
14 Murcia, Región de	Hombres	2002	616.236
14 Murcia, Región de	Hombres	2001	595.757
14 Murcia, Región de	Hombres	2000	570.125
14 Murcia, Región de	Hombres	1999	559.888
14 Murcia, Región de	Hombres	1998	551.343
14 Murcia, Región de	Hombres	1997	""
14 Murcia, Región de	Hombres	1996	541.069
14 Murcia, Región de	Mujeres	2019	746.283
14 Murcia, Región de	Mujeres	2018	738.366
14 Murcia, Región de	Mujeres	2017	734.035
14 Murcia, Región de	Mujeres	2016	731.292
14 Murcia, Región de	Mujeres	2015	731.854
14 Murcia, Región de	Mujeres	2014	730.929
14 Murcia, Región de	Mujeres	2013	732.207
14 Murcia, Región de	Mujeres	2012	731.722
14 Murcia, Región de	Mujeres	2011	728.488
14 Murcia, Región de	Mujeres	2010	723.352
14 Murcia, Región de	Mujeres	2009	714.911
14 Murcia, Región de	Mujeres	2008	703.110
14 Murcia, Región de	Mujeres	2007	685.791
14 Murcia, Región de	Mujeres	2006	673.279
14 Murcia, Región de	Mujeres	2005	658.743
14 Murcia, Región de	Mujeres	2004	642.637
14 Murcia, Región de	Mujeres	2003	629.435
14 Murcia, Región de	Mujeres	2002	610.757
14 Murcia, Región de	Mujeres	2001	594.621
14 Murcia, Región de	Mujeres	2000	579.203
14 Murcia, Región de	Mujeres	1999	571.240
14 Murcia, Región de	Mujeres	1998	563.725
14 Murcia, Región de	Mujeres	1997	""
14 Murcia, Región de	Mujeres	1996	556.180
15 Navarra, Comunidad Foral de	Total	2019	654.214
15 Navarra, Comunidad Foral de	Total	2018	647.554
15 Navarra, Comunidad Foral de	Total	2017	643.234
15 Navarra, Comunidad Foral de	Total	2016	640.647
15 Navarra, Comunidad Foral de	Total	2015	640.476
15 Navarra, Comunidad Foral de	Total	2014	640.790
15 Navarra, Comunidad Foral de	Total	2013	644.477
15 Navarra, Comunidad Foral de	Total	2012	644.566
15 Navarra, Comunidad Foral de	Total	2011	642.051
15 Navarra, Comunidad Foral de	Total	2010	636.924
15 Navarra, Comunidad Foral de	Total	2009	630.578
15 Navarra, Comunidad Foral de	Total	2008	620.377
15 Navarra, Comunidad Foral de	Total	2007	605.876
15 Navarra, Comunidad Foral de	Total	2006	601.874
15 Navarra, Comunidad Foral de	Total	2005	593.472
15 Navarra, Comunidad Foral de	Total	2004	584.734
15 Navarra, Comunidad Foral de	Total	2003	578.210
15 Navarra, Comunidad Foral de	Total	2002	569.628
15 Navarra, Comunidad Foral de	Total	2001	556.263
15 Navarra, Comunidad Foral de	Total	2000	543.757
15 Navarra, Comunidad Foral de	Total	1999	538.009
15 Navarra, Comunidad Foral de	Total	1998	530.819
15 Navarra, Comunidad Foral de	Total	1997	""
15 Navarra, Comunidad Foral de	Total	1996	520.574
15 Navarra, Comunidad Foral de	Hombres	2019	323.631
15 Navarra, Comunidad Foral de	Hombres	2018	320.469
15 Navarra, Comunidad Foral de	Hombres	2017	318.671
15 Navarra, Comunidad Foral de	Hombres	2016	317.840
15 Navarra, Comunidad Foral de	Hombres	2015	317.885
15 Navarra, Comunidad Foral de	Hombres	2014	318.486
15 Navarra, Comunidad Foral de	Hombres	2013	320.933
15 Navarra, Comunidad Foral de	Hombres	2012	321.453
15 Navarra, Comunidad Foral de	Hombres	2011	320.656
15 Navarra, Comunidad Foral de	Hombres	2010	318.423
15 Navarra, Comunidad Foral de	Hombres	2009	315.486
15 Navarra, Comunidad Foral de	Hombres	2008	310.282
15 Navarra, Comunidad Foral de	Hombres	2007	302.330
15 Navarra, Comunidad Foral de	Hombres	2006	300.917
15 Navarra, Comunidad Foral de	Hombres	2005	296.587
15 Navarra, Comunidad Foral de	Hombres	2004	292.059
15 Navarra, Comunidad Foral de	Hombres	2003	288.991
15 Navarra, Comunidad Foral de	Hombres	2002	284.620
15 Navarra, Comunidad Foral de	Hombres	2001	277.118
15 Navarra, Comunidad Foral de	Hombres	2000	269.826
15 Navarra, Comunidad Foral de	Hombres	1999	266.711
15 Navarra, Comunidad Foral de	Hombres	1998	262.687
15 Navarra, Comunidad Foral de	Hombres	1997	""
15 Navarra, Comunidad Foral de	Hombres	1996	257.718
15 Navarra, Comunidad Foral de	Mujeres	2019	330.583
15 Navarra, Comunidad Foral de	Mujeres	2018	327.085
15 Navarra, Comunidad Foral de	Mujeres	2017	324.563
15 Navarra, Comunidad Foral de	Mujeres	2016	322.807
15 Navarra, Comunidad Foral de	Mujeres	2015	322.591
15 Navarra, Comunidad Foral de	Mujeres	2014	322.304
15 Navarra, Comunidad Foral de	Mujeres	2013	323.544
15 Navarra, Comunidad Foral de	Mujeres	2012	323.113
15 Navarra, Comunidad Foral de	Mujeres	2011	321.395
15 Navarra, Comunidad Foral de	Mujeres	2010	318.501
15 Navarra, Comunidad Foral de	Mujeres	2009	315.092
15 Navarra, Comunidad Foral de	Mujeres	2008	310.095
15 Navarra, Comunidad Foral de	Mujeres	2007	303.546
15 Navarra, Comunidad Foral de	Mujeres	2006	300.957
15 Navarra, Comunidad Foral de	Mujeres	2005	296.885
15 Navarra, Comunidad Foral de	Mujeres	2004	292.675
15 Navarra, Comunidad Foral de	Mujeres	2003	289.219
15 Navarra, Comunidad Foral de	Mujeres	2002	285.008
15 Navarra, Comunidad Foral de	Mujeres	2001	279.145
15 Navarra, Comunidad Foral de	Mujeres	2000	273.931
15 Navarra, Comunidad Foral de	Mujeres	1999	271.298
15 Navarra, Comunidad Foral de	Mujeres	1998	268.132
15 Navarra, Comunidad Foral de	Mujeres	1997	""
15 Navarra, Comunidad Foral de	Mujeres	1996	262.856
16 País Vasco	Total	2019	2.207.776
16 País Vasco	Total	2018	2.199.088
16 País Vasco	Total	2017	2.194.158
16 País Vasco	Total	2016	2.189.534
16 País Vasco	Total	2015	2.189.257
16 País Vasco	Total	2014	2.188.985
16 País Vasco	Total	2013	2.191.682
16 País Vasco	Total	2012	2.193.093
16 País Vasco	Total	2011	2.184.606
16 País Vasco	Total	2010	2.178.339
16 País Vasco	Total	2009	2.172.175
16 País Vasco	Total	2008	2.157.112
16 País Vasco	Total	2007	2.141.860
16 País Vasco	Total	2006	2.133.684
16 País Vasco	Total	2005	2.124.846
16 País Vasco	Total	2004	2.115.279
16 País Vasco	Total	2003	2.112.204
16 País Vasco	Total	2002	2.108.281
16 País Vasco	Total	2001	2.101.478
16 País Vasco	Total	2000	2.098.596
16 País Vasco	Total	1999	2.100.441
16 País Vasco	Total	1998	2.098.628
16 País Vasco	Total	1997	""
16 País Vasco	Total	1996	2.098.055
16 País Vasco	Hombres	2019	1.073.074
16 País Vasco	Hombres	2018	1.068.750
16 País Vasco	Hombres	2017	1.066.905
16 País Vasco	Hombres	2016	1.065.580
16 País Vasco	Hombres	2015	1.065.925
16 País Vasco	Hombres	2014	1.066.369
16 País Vasco	Hombres	2013	1.068.746
16 País Vasco	Hombres	2012	1.070.438
16 País Vasco	Hombres	2011	1.066.872
16 País Vasco	Hombres	2010	1.064.708
16 País Vasco	Hombres	2009	1.062.412
16 País Vasco	Hombres	2008	1.055.150
16 País Vasco	Hombres	2007	1.046.795
16 País Vasco	Hombres	2006	1.043.849
16 País Vasco	Hombres	2005	1.040.525
16 País Vasco	Hombres	2004	1.035.863
16 País Vasco	Hombres	2003	1.034.326
16 País Vasco	Hombres	2002	1.032.209
16 País Vasco	Hombres	2001	1.028.392
16 País Vasco	Hombres	2000	1.026.651
16 País Vasco	Hombres	1999	1.028.146
16 País Vasco	Hombres	1998	1.026.915
16 País Vasco	Hombres	1997	""
16 País Vasco	Hombres	1996	1.027.114
16 País Vasco	Mujeres	2019	1.134.702
16 País Vasco	Mujeres	2018	1.130.338
16 País Vasco	Mujeres	2017	1.127.253
16 País Vasco	Mujeres	2016	1.123.954
16 País Vasco	Mujeres	2015	1.123.332
16 País Vasco	Mujeres	2014	1.122.616
16 País Vasco	Mujeres	2013	1.122.936
16 País Vasco	Mujeres	2012	1.122.655
16 País Vasco	Mujeres	2011	1.117.734
16 País Vasco	Mujeres	2010	1.113.631
16 País Vasco	Mujeres	2009	1.109.763
16 País Vasco	Mujeres	2008	1.101.962
16 País Vasco	Mujeres	2007	1.095.065
16 País Vasco	Mujeres	2006	1.089.835
16 País Vasco	Mujeres	2005	1.084.321
16 País Vasco	Mujeres	2004	1.079.416
16 País Vasco	Mujeres	2003	1.077.878
16 País Vasco	Mujeres	2002	1.076.072
16 País Vasco	Mujeres	2001	1.073.086
16 País Vasco	Mujeres	2000	1.071.945
16 País Vasco	Mujeres	1999	1.072.295
16 País Vasco	Mujeres	1998	1.071.713
16 País Vasco	Mujeres	1997	""
16 País Vasco	Mujeres	1996	1.070.941
17 Rioja, La	Total	2019	316.798
17 Rioja, La	Total	2018	315.675
17 Rioja, La	Total	2017	315.381
17 Rioja, La	Total	2016	315.794
17 Rioja, La	Total	2015	317.053
17 Rioja, La	Total	2014	319.002
17 Rioja, La	Total	2013	322.027
17 Rioja, La	Total	2012	323.609
17 Rioja, La	Total	2011	322.955
17 Rioja, La	Total	2010	322.415
17 Rioja, La	Total	2009	321.702
17 Rioja, La	Total	2008	317.501
17 Rioja, La	Total	2007	308.968
17 Rioja, La	Total	2006	306.377
17 Rioja, La	Total	2005	301.084
17 Rioja, La	Total	2004	293.553
17 Rioja, La	Total	2003	287.390
17 Rioja, La	Total	2002	281.614
17 Rioja, La	Total	2001	270.400
17 Rioja, La	Total	2000	264.178
17 Rioja, La	Total	1999	265.178
17 Rioja, La	Total	1998	263.644
17 Rioja, La	Total	1997	""
17 Rioja, La	Total	1996	264.941
17 Rioja, La	Hombres	2019	156.179
17 Rioja, La	Hombres	2018	155.758
17 Rioja, La	Hombres	2017	155.508
17 Rioja, La	Hombres	2016	155.969
17 Rioja, La	Hombres	2015	156.733
17 Rioja, La	Hombres	2014	158.090
17 Rioja, La	Hombres	2013	160.159
17 Rioja, La	Hombres	2012	161.574
17 Rioja, La	Hombres	2011	161.582
17 Rioja, La	Hombres	2010	161.884
17 Rioja, La	Hombres	2009	162.173
17 Rioja, La	Hombres	2008	160.342
17 Rioja, La	Hombres	2007	155.773
17 Rioja, La	Hombres	2006	154.556
17 Rioja, La	Hombres	2005	151.730
17 Rioja, La	Hombres	2004	147.214
17 Rioja, La	Hombres	2003	143.995
17 Rioja, La	Hombres	2002	140.780
17 Rioja, La	Hombres	2001	134.506
17 Rioja, La	Hombres	2000	130.956
17 Rioja, La	Hombres	1999	131.518
17 Rioja, La	Hombres	1998	130.708
17 Rioja, La	Hombres	1997	""
17 Rioja, La	Hombres	1996	131.183
17 Rioja, La	Mujeres	2019	160.619
17 Rioja, La	Mujeres	2018	159.917
17 Rioja, La	Mujeres	2017	159.873
17 Rioja, La	Mujeres	2016	159.825
17 Rioja, La	Mujeres	2015	160.320
17 Rioja, La	Mujeres	2014	160.912
17 Rioja, La	Mujeres	2013	161.868
17 Rioja, La	Mujeres	2012	162.035
17 Rioja, La	Mujeres	2011	161.373
17 Rioja, La	Mujeres	2010	160.531
17 Rioja, La	Mujeres	2009	159.529
17 Rioja, La	Mujeres	2008	157.159
17 Rioja, La	Mujeres	2007	153.195
17 Rioja, La	Mujeres	2006	151.821
17 Rioja, La	Mujeres	2005	149.354
17 Rioja, La	Mujeres	2004	146.339
17 Rioja, La	Mujeres	2003	143.395
17 Rioja, La	Mujeres	2002	140.834
17 Rioja, La	Mujeres	2001	135.894
17 Rioja, La	Mujeres	2000	133.222
17 Rioja, La	Mujeres	1999	133.660
17 Rioja, La	Mujeres	1998	132.936
17 Rioja, La	Mujeres	1997	""
17 Rioja, La	Mujeres	1996	133.758
18 Ceuta	Total	2019	84.777
18 Ceuta	Total	2018	85.144
18 Ceuta	Total	2017	84.959
18 Ceuta	Total	2016	84.519
18 Ceuta	Total	2015	84.263
18 Ceuta	Total	2014	84.963
18 Ceuta	Total	2013	84.180
18 Ceuta	Total	2012	84.018
18 Ceuta	Total	2011	82.376
18 Ceuta	Total	2010	80.579
18 Ceuta	Total	2009	78.674
18 Ceuta	Total	2008	77.389
18 Ceuta	Total	2007	76.603
18 Ceuta	Total	2006	75.861
18 Ceuta	Total	2005	75.276
18 Ceuta	Total	2004	74.654
18 Ceuta	Total	2003	74.931
18 Ceuta	Total	2002	76.152
18 Ceuta	Total	2001	75.694
18 Ceuta	Total	2000	75.241
18 Ceuta	Total	1999	73.704
18 Ceuta	Total	1998	72.117
18 Ceuta	Total	1997	""
18 Ceuta	Total	1996	68.796
18 Ceuta	Hombres	2019	42.912
18 Ceuta	Hombres	2018	43.177
18 Ceuta	Hombres	2017	43.034
18 Ceuta	Hombres	2016	42.846
18 Ceuta	Hombres	2015	42.757
18 Ceuta	Hombres	2014	43.354
18 Ceuta	Hombres	2013	43.060
18 Ceuta	Hombres	2012	42.948
18 Ceuta	Hombres	2011	42.165
18 Ceuta	Hombres	2010	41.269
18 Ceuta	Hombres	2009	40.118
18 Ceuta	Hombres	2008	39.385
18 Ceuta	Hombres	2007	38.913
18 Ceuta	Hombres	2006	38.581
18 Ceuta	Hombres	2005	38.315
18 Ceuta	Hombres	2004	38.113
18 Ceuta	Hombres	2003	38.395
18 Ceuta	Hombres	2002	39.195
18 Ceuta	Hombres	2001	38.884
18 Ceuta	Hombres	2000	38.497
18 Ceuta	Hombres	1999	37.115
18 Ceuta	Hombres	1998	36.102
18 Ceuta	Hombres	1997	""
18 Ceuta	Hombres	1996	34.229
18 Ceuta	Mujeres	2019	41.865
18 Ceuta	Mujeres	2018	41.967
18 Ceuta	Mujeres	2017	41.925
18 Ceuta	Mujeres	2016	41.673
18 Ceuta	Mujeres	2015	41.506
18 Ceuta	Mujeres	2014	41.609
18 Ceuta	Mujeres	2013	41.120
18 Ceuta	Mujeres	2012	41.070
18 Ceuta	Mujeres	2011	40.211
18 Ceuta	Mujeres	2010	39.310
18 Ceuta	Mujeres	2009	38.556
18 Ceuta	Mujeres	2008	38.004
18 Ceuta	Mujeres	2007	37.690
18 Ceuta	Mujeres	2006	37.280
18 Ceuta	Mujeres	2005	36.961
18 Ceuta	Mujeres	2004	36.541
18 Ceuta	Mujeres	2003	36.536
18 Ceuta	Mujeres	2002	36.957
18 Ceuta	Mujeres	2001	36.810
18 Ceuta	Mujeres	2000	36.744
18 Ceuta	Mujeres	1999	36.589
18 Ceuta	Mujeres	1998	36.015
18 Ceuta	Mujeres	1997	""
18 Ceuta	Mujeres	1996	34.567
19 Melilla	Total	2019	86.487
19 Melilla	Total	2018	86.384
19 Melilla	Total	2017	86.120
19 Melilla	Total	2016	86.026
19 Melilla	Total	2015	85.584
19 Melilla	Total	2014	84.509
19 Melilla	Total	2013	83.679
19 Melilla	Total	2012	80.802
19 Melilla	Total	2011	78.476
19 Melilla	Total	2010	76.034
19 Melilla	Total	2009	73.460
19 Melilla	Total	2008	71.448
19 Melilla	Total	2007	69.440
19 Melilla	Total	2006	66.871
19 Melilla	Total	2005	65.488
19 Melilla	Total	2004	68.016
19 Melilla	Total	2003	68.463
19 Melilla	Total	2002	69.184
19 Melilla	Total	2001	68.789
19 Melilla	Total	2000	66.263
19 Melilla	Total	1999	56.929
19 Melilla	Total	1998	60.108
19 Melilla	Total	1997	""
19 Melilla	Total	1996	59.576
19 Melilla	Hombres	2019	43.894
19 Melilla	Hombres	2018	43.765
19 Melilla	Hombres	2017	43.629
19 Melilla	Hombres	2016	43.768
19 Melilla	Hombres	2015	43.593
19 Melilla	Hombres	2014	43.075
19 Melilla	Hombres	2013	43.017
19 Melilla	Hombres	2012	41.569
19 Melilla	Hombres	2011	40.256
19 Melilla	Hombres	2010	38.819
19 Melilla	Hombres	2009	37.244
19 Melilla	Hombres	2008	36.336
19 Melilla	Hombres	2007	35.208
19 Melilla	Hombres	2006	33.962
19 Melilla	Hombres	2005	33.322
19 Melilla	Hombres	2004	34.455
19 Melilla	Hombres	2003	34.737
19 Melilla	Hombres	2002	35.178
19 Melilla	Hombres	2001	35.027
19 Melilla	Hombres	2000	33.976
19 Melilla	Hombres	1999	28.952
19 Melilla	Hombres	1998	30.569
19 Melilla	Hombres	1997	""
19 Melilla	Hombres	1996	29.647
19 Melilla	Mujeres	2019	42.593
19 Melilla	Mujeres	2018	42.619
19 Melilla	Mujeres	2017	42.491
19 Melilla	Mujeres	2016	42.258
19 Melilla	Mujeres	2015	41.991
19 Melilla	Mujeres	2014	41.434
19 Melilla	Mujeres	2013	40.662
19 Melilla	Mujeres	2012	39.233
19 Melilla	Mujeres	2011	38.220
19 Melilla	Mujeres	2010	37.215
19 Melilla	Mujeres	2009	36.216
19 Melilla	Mujeres	2008	35.112
19 Melilla	Mujeres	2007	34.232
19 Melilla	Mujeres	2006	32.909
19 Melilla	Mujeres	2005	32.166
19 Melilla	Mujeres	2004	33.561
19 Melilla	Mujeres	2003	33.726
19 Melilla	Mujeres	2002	34.006
19 Melilla	Mujeres	2001	33.762
19 Melilla	Mujeres	2000	32.287
19 Melilla	Mujeres	1999	27.977
19 Melilla	Mujeres	1998	29.539
19 Melilla	Mujeres	1997	""
19 Melilla	Mujeres	1996	29.929
